{"card_category_1": "Double Agent", "card_category_10": "Wild Hunt", "card_category_100": "Halfling", "card_category_101": "Crone", "card_category_102": "Warfare", "card_category_103": "Raid", "card_category_11": "Tactic", "card_category_12": "Beast", "card_category_13": "Leader", "card_category_14": "Mage", "card_category_15": "Boss", "card_category_16": "Vampire", "card_category_17": "Cintra", "card_category_18": "Insectoid", "card_category_19": "Stray", "card_category_2": "Construct", "card_category_20": "Spell", "card_category_21": "Redania", "card_category_22": "Siege Support", "card_category_23": "Clan Drummond", "card_category_24": "Specter", "card_category_25": "Cursed", "card_category_26": "Soldier", "card_category_27": "Kaedwen", "card_category_28": "Vodyanoi", "card_category_29": "Clan Tuirseach", "card_category_3": "Clan Tordarroch", "card_category_30": "Clan Dimun", "card_category_31": "Witcher", "card_category_32": "Cultist", "card_category_33": "Alchemy", "card_category_34": "Reckless", "card_category_35": "Clan Heymaey", "card_category_36": "Blitz", "card_category_37": "Dryad", "card_category_38": "Special", "card_category_39": "Elf", "card_category_4": "Lyria", "card_category_40": "Necrophage", "card_category_41": "Machine", "card_category_42": "Aedirn", "card_category_43": "Support", "card_category_44": "Clan an Craite", "card_category_46": "Trap", "card_category_47": "Dwarf", "card_category_48": "Draconid", "card_category_49": "Siege Engine", "card_category_5": "Temeria", "card_category_50": "Officer", "card_category_52": "Weather", "card_category_53": "Organic", "card_category_54": "Item", "card_category_55": "Hazard", "card_category_56": "Boon", "card_category_57": "Ambush", "card_category_58": "Doomed", "card_category_59": "Bear", "card_category_6": "Ogroid", "card_category_60": "Blue Stripes", "card_category_61": "Breedable", "card_category_62": "Devourer", "card_category_63": "Dragon", "card_category_64": "Harpy", "card_category_65": "Medic", "card_category_66": "Stubborn", "card_category_67": "Permadeath", "card_category_68": "Peasant", "card_category_69": "Potion", "card_category_7": "Relict", "card_category_70": "Regressing", "card_category_71": "Shapeshifter", "card_category_73": "Token", "card_category_75": "Agent", "card_category_76": "Pirate", "card_category_77": "Ship", "card_category_78": "Human", "card_category_79": "Knight", "card_category_8": "Clan Brokvar", "card_category_80": "Gnome", "card_category_81": "Plant", "card_category_82": "Demon", "card_category_83": "Bandit", "card_category_84": "Vran", "card_category_85": "Druid", "card_category_86": "Warrior", "card_category_87": "Svalblod", "card_category_88": "Bomb", "card_category_89": "Nature", "card_category_9": "Test", "card_category_90": "Treant", "card_category_92": "Crime", "card_category_93": "Witch Hunter", "card_category_94": "Firesworn", "card_category_95": "Crownsplitters", "card_category_96": "Cleric", "card_category_97": "Cutups", "card_category_98": "Tidecloaks", "card_category_99": "Blindeyes"}